"","CHROM","POS","REF","alt_g1","alt_g2","alt_g3","alt_g4","alt_g5","alt_g6","alt_g7","alt_g8","alt_g9","alt_g10","alt_g11","alt_g12","alt_g13","alt_g14"
"1","1","196659236","T","G,C,A","G,C,A","C,G,A","A,C,G","C,A,G","C,G,A","C,A,G","C,G,<*>","G,A,C","G,C,<*>","C,G,A","C,G,A","G,C,<*>","A,G,C"
"2","1","196659237","C","T,A,G","T,A,G","T,A,G","T,A,G","T,A,G","T,G,A","T,G,A","T,A,<*>","T,G,A","T,A,<*>","T,A,G","T,A,G","T,A,G","T,A,G"
"3","1","196695160","G","T,A,C","T,C,A","T,A,<*>","T,A,<*>","T,A,C","T,A,<*>","T,A,<*>","T,C,<*>","T,<*>","T,<*>","T,<*>","T,<*>","T,C,<*>","<*>"
"4","1","196695161","C","T,A,G","T,A,G","T,G,<*>","T,G,<*>","T,A,G","T,G,A","T,G,A","T,<*>","T,A,<*>","T,<*>","T,A,<*>","T,<*>","T,<*>","T,A,<*>"
"5","1","196696932","G","T,A,C","T,A,C","T,A,C","T,A,C","T,A,<*>","T,A,<*>","T,C,<*>","T,<*>","<*>","T,A,<*>","T,<*>","T,<*>","T,C,A","T,<*>"
"6","1","196696933","G","A,T,C","A,T,C","A,T,C","A,T,<*>","A,T,<*>","A,T,C","A,T,C","A,T,C","A,T,<*>","A,T,<*>","A,T,<*>","A,T,C","A,T,C","A,T,<*>"
"7","1","196703706","G","T,A,<*>","T,A,C","T,A,C","T,A,C","T,A,<*>","T,A,C","T,A,C","T,<*>","T,<*>","T,<*>","T,A,<*>","T,A,<*>","T,<*>","T,<*>"
"8","1","196703707","G","A,T,C","A,T,<*>","A,T,<*>","A,T,<*>","A,T,C","A,T,C","A,T,C","A,C,<*>","A,T,C","A,T,<*>","A,T,<*>","A,T,<*>","A,T,<*>","A,T,<*>"
"9","4","110537566","A","<*>","T,<*>","G,<*>","G,T,C","C,G,<*>","C,G,<*>","G,T,<*>","G,T,<*>","G,<*>","G,<*>","T,G,C","G,<*>","C,G,T","<*>"
"10","4","110537567","A","G,T,C","G,T,<*>","G,T,<*>","G,T,C","G,T,<*>","G,T,<*>","G,T,<*>","G,T,<*>","G,T,<*>","G,T,<*>","G,T,<*>","G,T,<*>","G,T,<*>","G,T,<*>"
"11","4","110590478","C","T,A,G","A,G,T","A,T,G","A,T,G","T,A,G","T,A,G","A,T,<*>","A,T,<*>","A,G,T","A,T,<*>","G,A,T","A,T,<*>","T,G,A","A,G,T"
"12","4","110590479","G","T,A,C","T,C,A","T,C,A","T,C,A","T,A,C","T,C,A","T,A,C","T,C,A","T,A,C","T,A,C","T,C,A","T,C,<*>","T,C,A","T,C,<*>"
"13","10","124214447","T","C,G,<*>","G,C,A","C,G,A","C,G,<*>","G,C,<*>","C,A,G","C,G,<*>","C,G,A","C,G,A","G,C,A","C,G,A","G,C,A","G,C,<*>","G,<*>"
"14","10","124214448","G","T,C,A","T,A,C","T,A,C","T,A,C","T,C,A","T,A,C","T,A,C","T,A,<*>","T,A,C","T,A,C","T,A,C","T,A,C","T,A,C","T,A,C"
"15","19","862911","G","<*>","<*>","<*>","<*>","<*>","<*>","<*>","<*>","<*>","<*>","<*>","<*>","<*>","<*>"
"16","19","862912","C","T,<*>","T,<*>","T,<*>","T,<*>","T,<*>","T,<*>","T,<*>","T,<*>","T,<*>","T,<*>","T,<*>","T,<*>","T,<*>","T,<*>"
"17","19","6718386","C","G,A,T","A,T,G","A,T,G","A,T,G","A,G,T","T,A,G","A,G,<*>","T,A,G","G,T,<*>","A,T,G","T,G,A","A,T,G","T,A,G","T,A,<*>"
"18","19","6718387","G","C,T,A","C,T,A","C,T,A","C,T,A","C,T,A","C,T,A","C,T,A","C,A,T","C,T,A","C,T,A","C,T,A","C,T,A","C,T,A","C,T,<*>"
